{"stats":{"minecraft:killed":{"minecraft:skeleton":1,"minecraft:spider":2,"minecraft:zombie":1,"minecraft:creeper":1},"minecraft:custom":{"minecraft:time_since_rest":30341,"minecraft:crouch_one_cm":89,"minecraft:play_time":30341,"minecraft:sprint_one_cm":2284,"minecraft:walk_one_cm":3606,"minecraft:damage_taken":40,"minecraft:sneak_time":189,"minecraft:mob_kills":5,"minecraft:drop":7,"minecraft:jump":27,"minecraft:damage_dealt":560,"minecraft:leave_game":7,"minecraft:time_since_death":30341,"minecraft:total_world_time":30341,"minecraft:fall_one_cm":1342,"minecraft:fly_one_cm":107236},"minecraft:picked_up":{"minecraft:netherite_boots":1,"minecraft:arrow":4,"minecraft:netherite_helmet":1,"minecraft:netherite_chestplate":1,"minecraft:netherite_leggings":1,"minecraft:string":1},"minecraft:dropped":{"minecraft:bow":1,"minecraft:arrow":2,"minecraft:string":1,"minecraft:netherite_chestplate":1,"minecraft:netherite_boots":1,"minecraft:netherite_leggings":1,"minecraft:netherite_helmet":1},"minecraft:used":{"minecraft:netherite_boots":1,"minecraft:netherite_sword":8,"minecraft:bow":32,"minecraft:netherite_leggings":1,"minecraft:light_blue_wool":81,"minecraft:netherite_chestplate":1,"minecraft:netherite_helmet":1,"minecraft:ender_pearl":12}},"DataVersion":3465}