{"stats":{"minecraft:killed":{"minecraft:skeleton":1,"minecraft:zombie":1,"minecraft:zombified_piglin":1,"minecraft:spider":2,"minecraft:creeper":1},"minecraft:custom":{"minecraft:time_since_rest":55169,"minecraft:walk_one_cm":35354,"minecraft:sprint_one_cm":9344,"minecraft:damage_taken":40,"minecraft:mob_kills":6,"minecraft:drop":9,"minecraft:damage_dealt":560,"minecraft:fly_one_cm":452912,"minecraft:crouch_one_cm":1032,"minecraft:play_time":55169,"minecraft:sneak_time":2948,"minecraft:jump":112,"minecraft:leave_game":8,"minecraft:time_since_death":55169,"minecraft:total_world_time":55169,"minecraft:fall_one_cm":1342},"minecraft:picked_up":{"minecraft:netherite_boots":1,"minecraft:basalt":32,"minecraft:quartz":2,"minecraft:netherite_leggings":1,"minecraft:string":1,"minecraft:arrow":4,"minecraft:blackstone":35,"minecraft:netherite_helmet":1,"minecraft:netherite_chestplate":1,"minecraft:netherrack":276,"minecraft:rail":4},"minecraft:dropped":{"minecraft:tnt_minecart":1,"minecraft:netherite_helmet":1,"minecraft:netherite_boots":1,"minecraft:netherite_chestplate":1,"minecraft:basalt":32,"minecraft:arrow":2,"minecraft:bow":1,"minecraft:string":1,"minecraft:netherite_leggings":1},"minecraft:used":{"minecraft:netherite_sword":8,"minecraft:netherite_chestplate":1,"minecraft:tnt_minecart":5455,"minecraft:ender_pearl":12,"minecraft:netherrack":15,"minecraft:netherite_boots":1,"minecraft:basalt":58,"minecraft:netherite_leggings":1,"minecraft:rail":77,"minecraft:bow":32,"minecraft:tnt":378,"minecraft:light_blue_wool":278,"minecraft:netherite_helmet":1}},"DataVersion":3465}