{"stats":{"minecraft:killed":{"minecraft:skeleton":1,"minecraft:zombie":1,"minecraft:zombified_piglin":1,"minecraft:spider":2,"minecraft:creeper":1},"minecraft:custom":{"minecraft:time_since_rest":78982,"minecraft:walk_one_cm":35564,"minecraft:sprint_one_cm":9344,"minecraft:damage_taken":40,"minecraft:mob_kills":6,"minecraft:drop":73,"minecraft:damage_dealt":560,"minecraft:fly_one_cm":458000,"minecraft:crouch_one_cm":1039,"minecraft:play_time":78982,"minecraft:sneak_time":3016,"minecraft:jump":116,"minecraft:leave_game":9,"minecraft:time_since_death":78982,"minecraft:total_world_time":78982,"minecraft:fall_one_cm":1342},"minecraft:picked_up":{"minecraft:netherite_boots":1,"minecraft:basalt":32,"minecraft:quartz":2,"minecraft:netherite_leggings":1,"minecraft:string":1,"minecraft:arrow":4,"minecraft:blackstone":35,"minecraft:netherite_helmet":1,"minecraft:netherite_chestplate":1,"minecraft:netherrack":276,"minecraft:rail":4},"minecraft:dropped":{"minecraft:tnt_minecart":1,"minecraft:netherite_sword":1,"minecraft:netherite_helmet":2,"minecraft:netherite_boots":2,"minecraft:netherite_chestplate":2,"minecraft:basalt":32,"minecraft:arrow":2,"minecraft:bow":1,"minecraft:command_block":64,"minecraft:bedrock":1,"minecraft:string":1,"minecraft:netherite_leggings":2},"minecraft:used":{"minecraft:netherite_sword":8,"minecraft:command_block":2,"minecraft:netherite_chestplate":1,"minecraft:tnt_minecart":5455,"minecraft:ender_pearl":12,"minecraft:netherrack":15,"minecraft:bedrock":12,"minecraft:netherite_boots":1,"minecraft:basalt":58,"minecraft:netherite_leggings":1,"minecraft:rail":77,"minecraft:bow":32,"minecraft:tnt":378,"minecraft:light_blue_wool":278,"minecraft:netherite_helmet":1}},"DataVersion":3465}